{
  "name": "Tech Learned",
  "children": [
    {
      "name": "Pune University",
      "children": [
        {"name": "C", "size": 17010},
        {"name": "C++", "size": 5842},
        {"name": "JAVA", "size": 1041},
        {"name": "HTML", "size": 5176},
        {"name": "MySQL", "size": 449},
        {"name": "DBMS", "size": 5593},
        {"name": "RDBMS", "size": 5534},
        {"name": "ASP.NET", "size": 9201},
        {"name": "Data Structures", "size": 9201}
      ]
    },
    
    {
      "name": "University of Massachusetts",
      "children": [
        {"name": "D3.js", "size": 17010},
        {"name": "React.js", "size": 1041},
        {"name": "JDBC", "size": 5176},
        {"name": "SQL", "size": 449},
        {"name": "HTML", "size": 1239},
        {"name": "CSS", "size": 996},
        {"name": "JSON", "size": 996},
        {"name": "Spring MVC", "size": 996},
        {"name": "JAVA", "size": 996}

      ]
    },
    {
      "name": "Fizzible Tech",
      "children": [
        {"name": "JIRA Agile methodologies", "size": 17010},
        {"name": " Unit and Integration Testing", "size": 5842},
        {"name": "Strategy Management", "size": 1041},
        {"name": "Wordpress and Joomla", "size": 5176},
        {"name": "MongoDB", "size": 449},
        {"name": "jQuery", "size": 1239},
        {"name": "AJAX", "size": 996},
        {"name": "Jenkins", "size": 997},
        {"name": "NodeJs", "size": 136}
      ]
    },
    {
      "name": "InsightFormation Inc",
      "children": [
        {"name": "HTML5", "size": 123},
        {"name": "CSS3", "size": 124},
        {"name": "Angular Js", "size": 125},
        {"name": "Backbone.js", "size": 126},
        {"name": "Bower", "size": 127},
        {"name": "InfluxDB", "size": 128},
        {"name": "Riak", "size": 129},
        {"name": "Ember.js", "size": 130},
        {"name": "Play Framework", "size": 131},
        {"name": "AWS", "size": 132},
        {"name": "JSON", "size": 134},
        {"name": "Scala", "size": 135},
        {"name": "Bamboo", "size": 136},
        {"name": "InfusionSoft", "size": 138},
        {"name": "Docker", "size": 1399},
        {"name": "Tomcat", "size": 139},
        {"name": "Logstash", "size": 140}
      ]
    }
  ]
}